first_name,last_name,department,email,salary
Sandor,Latter,Accounting,slattero@addtoany.com,0.00
Sabine,Jerrams,Accounting,sjerrams2e@google.nl,0.00
Brandon,Gors,Accounting,bgors34@who.int,0.00
Wilburt,Kornacki,Accounting,wkornacki4l@unblog.fr,0.00
Magda,Born,Accounting,mborn3d@vinaora.com,23.00
Hank,Sewill,Accounting,hsewillh@reference.com,4334.00
Urban,Eagleton,Accounting,ueagletonn@house.gov,4515.00
Fancie,Skurray,Accounting,fskurray11@networksolutions.com,50355.00
Petrina,Corkan,Accounting,pcorkan4b@exblog.jp,370161.00
Alec,Dickman,Business Development,adickman1k@google.com.br,0.00
Angelia,Koppke,Business Development,akoppke49@blogger.com,0.00
Sandie,Farrent,Business Development,sfarrent27@cafepress.com,4.00
Joanne,McEwan,Business Development,jmcewan16@sina.com.cn,1053.00
Merell,Ramsier,Business Development,mramsier1j@house.gov,2380.00
Goldi,Vazquez,Business Development,gvazquez2v@home.pl,3818.00
Eddy,Oxburgh,Business Development,eoxburgh40@sciencedirect.com,23568.00
Eyde,Ort,Business Development,eort2t@businessweek.com,97329.00
Cathyleen,Ivimy,Business Development,civimy2q@gnu.org,433913.00
Jacquette,Duffy,Engineering,jduffy4@shinystat.com,0.00
Jean,McCaughen,Engineering,jmccaughene@myspace.com,0.00
Sigismondo,Fellini,Engineering,sfellinim@fda.gov,0.00
Nero,Martonfi,Engineering,nmartonfi1q@qq.com,2712.00
Michaelina,Sammut,Engineering,msammut8@weibo.com,25610.00
Tremain,Ranald,Engineering,tranald6@amazon.com,152891.00
Zaneta,Lawrenson,Engineering,zlawrensont@google.com.au,659826.00
Philly,Treen,Human Resources,ptreen51@sfgate.com,0.00
Rolph,Brouwer,Human Resources,rbrouwer30@quantcast.com,492.00
Magnum,Menezes,Human Resources,mmenezes57@163.com,3516.00
Teressa,Pidgeley,Human Resources,tpidgeley1b@arizona.edu,9241.00
Matthaeus,Gabb,Human Resources,mgabb56@spotify.com,54414.00
Tracee,Rayer,Human Resources,trayer2s@hostgator.com,71180.00
Abrahan,Momford,Human Resources,amomford3v@bravesites.com,93140.00
Rodolphe,Nathan,Human Resources,rnathan24@epa.gov,357560.00
Charlene,Beveredge,Human Resources,cbeveredge10@cocolog-nifty.com,618824.00
Drugi,Ashall,Human Resources,dashall3e@hp.com,860839.00
Vivien,MacGibbon,Legal,vmacgibbon1i@japanpost.jp,0.00
Mae,Mooney,Legal,mmooney23@squarespace.com,0.00
Alberto,Clarke,Legal,aclarke4h@hubpages.com,0.00
Rosita,Sheavills,Legal,rsheavills2j@alibaba.com,2508.00
Belva,Tebb,Legal,btebb4f@cbc.ca,4325.00
Germayne,Roseaman,Legal,groseaman19@army.mil,50431.00
Alistair,Wisher,Marketing,awisher13@histats.com,0.00
Davin,Reidshaw,Marketing,dreidshaw21@homestead.com,0.00
Othilie,Parcells,Marketing,oparcells2x@hc360.com,0.00
Trenna,Maylour,Marketing,tmaylour4a@themeforest.net,0.00
Hastie,Britzius,Marketing,hbritzius4s@slideshare.net,0.00
Adelind,Stallworthy,Marketing,astallworthy5i@webmd.com,6215.00
Aldric,Trunks,Marketing,atrunks3u@cbsnews.com,22339.00
Valencia,Ronca,Marketing,vronca2l@huffingtonpost.com,24132.00
Way,Cudbertson,Marketing,wcudbertsonx@dagondesign.com,85025.00
Jocko,Moehle,Marketing,jmoehlej@cbc.ca,347014.00
Joya,Polon,Product Management,jpolon1f@yellowbook.com,0.00
Lorant,Siuda,Product Management,lsiuda2o@irs.gov,0.00
Dianna,Henric,Product Management,dhenric36@trellian.com,6.00
Arabelle,Beetham,Product Management,abeetham1y@archive.org,2133.00
Gifford,Peart,Product Management,gpeart2f@apache.org,4602.00
Taylor,Docket,Product Management,tdocket4j@abc.net.au,6337.00
Charley,Stiven,Product Management,cstiven35@youtube.com,8427.00
Ronny,Rudland,Product Management,rrudland52@yahoo.co.jp,76705.00
Clare,Cullimore,Product Management,ccullimore14@telegraph.co.uk,81230.00
Anthony,Rubinsaft,Research and Development,arubinsaft3y@vk.com,0.00
Wilek,Dominiak,Research and Development,wdominiak4n@skyrock.com,25.00
Ivett,Klosges,Research and Development,iklosges4u@google.cn,2814.00
Cameron,Kaesmans,Research and Development,ckaesmans59@nydailynews.com,3503.00
Muhammad,McKelvie,Research and Development,mmckelvie3t@sogou.com,5203.00
Jedediah,Cardenosa,Research and Development,jcardenosa2c@google.fr,8608.00
Cordelia,Hartless,Research and Development,chartless4z@guardian.co.uk,69440.00
Ilaire,Palffy,Research and Development,ipalffy2i@nba.com,78050.00
Isiahi,Scholtis,Research and Development,ischoltis2@accuweather.com,94297.00
Quinn,Speddin,Research and Development,qspeddin5e@wordpress.org,98870.00
Vida,Hagston,Sales,vhagstonf@jiathis.com,0.00
Kiri,Gracewood,Sales,kgracewood2p@wisc.edu,4602.00
Dov,Edmenson,Sales,dedmenson4q@sitemeter.com,14105.00
Becca,Greveson,Sales,bgreveson5a@usa.gov,78335.00
Ruthe,Offner,Services,roffner1c@squarespace.com,0.00
Justine,Venny,Services,jvenny2d@arizona.edu,0.00
Reba,Riggeard,Services,rriggeard3l@weather.com,0.00
Roxy,Syddon,Services,rsyddon2n@google.com,6229.00
Elisabet,Haselup,Services,ehaselup2u@ca.gov,7121.00
Farris,Redier,Services,fredierq@harvard.edu,40110.00
Yvette,Brunker,Services,ybrunker5h@icq.com,47207.00
Gabie,Titford,Services,gtitford1g@csmonitor.com,54829.00
Katleen,Matiebe,Services,kmatiebe45@chronoengine.com,60006.00
Jacquelynn,Waistell,Services,jwaistell38@slate.com,64039.00
Damiano,Chisnell,Services,dchisnell4d@ameblo.jp,687520.00
Saleem,Ridolfi,Support,sridolfi5@tumblr.com,6435.00
Tommie,Adds,Training,tadds2y@chicagotribune.com,0.00
Vergil,Spong,Training,vspong3o@reference.com,0.00
Corry,Collop,Training,ccollop4o@mlb.com,0.00
Eadmund,Gon,Training,egon5g@timesonline.co.uk,0.00
Humfried,Glaisner,Training,hglaisner1p@ifeng.com,6227.00
Wilmer,O'Shirine,Training,woshirine42@technorati.com,6801.00
Hank,Lauks,Training,hlauks3k@bbc.co.uk,44320.00
Meade,Scyone,Training,mscyone41@tinypic.com,366904.00
Edlin,Matveichev,Training,ematveichev1d@github.io,394091.00
